<?xml version="1.0" encoding="UTF-8"?>
<configuration>

	<property name="DEV_HOME" value="/tmp/recon/logs/task-manager-rest-api" />
	<property name="QA_HOME" value="/tmp/recon/logs/task-manager-rest-api" />
	<property name="STG_HOME" value="/tmp/recon/logs/task-manager-rest-api" />
	<property name="PROD_HOME" value="/tmp/recon/logs/task-manager-rest-api" />

	<appender name="STDOUT"
		class="ch.qos.logback.core.ConsoleAppender">
		<layout class="ch.qos.logback.classic.PatternLayout">
			<Pattern>
				%d{yyyy-MM-dd HH:mm:ss} %-5level [%F:%L] - %msg%n
			</Pattern>
		</layout>
	</appender>

	<appender name="FILE-AUDIT"
		class="ch.qos.logback.core.rolling.RollingFileAppender">
		<file>${DEV_HOME}/taskmanager-rest-api-debug.log</file>
		<encoder
			class="ch.qos.logback.classic.encoder.PatternLayoutEncoder">
			<Pattern>
				%d{yyyy-MM-dd HH:mm:ss} %-5level [%F:%L] - %msg%n
			</Pattern>
		</encoder>

		<rollingPolicy
			class="ch.qos.logback.core.rolling.TimeBasedRollingPolicy">
			<!-- rollover daily -->
			<fileNamePattern>${DEV_HOME}/archived/taskmanager-rest-api-debug.%d{yyyy-MM-dd}.%i.log
			</fileNamePattern>
			<timeBasedFileNamingAndTriggeringPolicy
				class="ch.qos.logback.core.rolling.SizeAndTimeBasedFNATP">
				<maxFileSize>10MB</maxFileSize>
			</timeBasedFileNamingAndTriggeringPolicy>
		</rollingPolicy>
	</appender>

	<appender name="FILE-ERROR"
		class="ch.qos.logback.core.rolling.RollingFileAppender">
		<file>${DEV_HOME}/taskmanager-rest-api-error.log</file>
		<encoder
			class="ch.qos.logback.classic.encoder.PatternLayoutEncoder">
			<Pattern>
				%d{yyyy-MM-dd HH:mm:ss} %-5level [%F:%L] - %msg%n
			</Pattern>
		</encoder>

		<rollingPolicy
			class="ch.qos.logback.core.rolling.TimeBasedRollingPolicy">
			<!-- rollover daily -->
			<fileNamePattern>${DEV_HOME}/archived/taskmanager-rest-api-error.%d{yyyy-MM-dd}.%i.log
			</fileNamePattern>
			<timeBasedFileNamingAndTriggeringPolicy
				class="ch.qos.logback.core.rolling.SizeAndTimeBasedFNATP">
				<maxFileSize>10MB</maxFileSize>
			</timeBasedFileNamingAndTriggeringPolicy>
		</rollingPolicy>

	</appender>

	<!-- Send logs to both console and file audit -->
	<logger name="com.opus.optimus" level="trace" additivity="false">
		<appender-ref ref="FILE-AUDIT" />
	</logger>
	<logger name="org.springframework.data.mongodb" level="debug"
		additivity="false">
		<appender-ref ref="FILE-AUDIT" />
	</logger>
	<root level="error">
		<appender-ref ref="FILE-ERROR" />
		<appender-ref ref="STDOUT" />
	</root>

</configuration>
