[
	{
		"name": "Main",
		"stepConfigs": [
			{
				"stepType": "FileReader",
				"charEncoding": "US-ASCII",
				"name": "DelimitedReader",
				"layoutDefinition": "DATA",
				"sectionDetails": {
					"HEADER": "formula(x * y)",
					"DATA": "formula(a * b)"
				},
				"fieldExtractorConfig": {
					"DATA": {
						"sectionName": "data",
						"delimiter": ",",
						"fieldConfigs": [
							{
								"fieldIndex": 1,
								"name": "Column1",
								"type": "STRING",
								"format": null,
								"maxSize": 24,
								"implicitDecimal": false,
								"noOfDecimals": 0
							},
							{
								"fieldIndex": 2,
								"name": "Column2",
								"type": "LONG",
								"format": null,
								"maxSize": 12,
								"implicitDecimal": false,
								"noOfDecimals": 0
							}
						],
						"type": "DelimitedFieldExtractorConfig"
					}
				},
				"recordExtractorConfig": {
					"recordSeperator": "\n",
					"rowsToSkip": 0,
					"type": "DelimitedRecordExtractorConfig"
				}
			},
			{
				"stepType": "MongoDBWriter",
				"name": "MongoDBWriter",
				"dataBaseType": "MongoDB",
				"dataSourceName": "samsonMongoDataSource",
				"collectionName": "samson",
				"createCollection": null,
				"update": false,
				"fieldConfigs": [
					{
						"fieldIndex": 1,
						"sourceFieldName": "Column1",
						"targetFieldName": "Column1",
						"sourceDataType": "STRING",
						"targetDataType": "STRING",
						"name": null,
						"type": null,
						"format": null,
						"maxSize": 0,
						"implicitDecimal": false,
						"noOfDecimals": 0,
						"recordFieldName": null,
						"primaryField": true
					},
					{
						"fieldIndex": 2,
						"sourceFieldName": "Column2",
						"targetFieldName": "Column2",
						"sourceDataType": "LONG",
						"targetDataType": "LONG",
						"name": null,
						"type": null,
						"format": null,
						"maxSize": 0,
						"implicitDecimal": false,
						"noOfDecimals": 0,
						"recordFieldName": null,
						"primaryField": false
					}
				]
			}
		],
		"stepLinks": [
			{
				"type": "link",
				"name": "ReaderToWritterLink",
				"from": "DelimitedReader",
				"to": "MongoDBWriter",
				"priority": 0,
				"errorHandlingLink": false,
				"condition": null,
				"stopOnHit": false
			}
		]
	},
	  {
    "name": "GlobalErrorHandler",
    "stepConfigs": [
      {
        "stepName": "Error",
        "stepType": "Delegator"
      }
    ],
    "startStepName": "Error"
  }
]
